<?xml version="1.0" encoding="UTF-8"?><metadata>
    <idinfo>
        <citation>
            <citeinfo>
                <origin/>
                <pubdate>20160810</pubdate>
                <title>Basic demographics by census tracts in King County - selected categories / demographic_base_area</title>
                <edition>One</edition>
                <geoform>vector digital data</geoform>
                <pubinfo>
                    <pubplace/>
                    <publish>King County</publish>
                </pubinfo>
                <othercit>None</othercit>
                <onlink>https://kingcounty.maps.arcgis.com/home/item.html?id=29a86ca6e67e48c9ab92bf3fd1492641</onlink>
                <onlink>https://kingcounty.maps.arcgis.com/home/item.html?id=976424a73b714776a73087e3243eff4a</onlink>
                <onlink>https://www5.kingcounty.gov/sdc/Metadata.aspx?Layer=demographic_base</onlink>
                <onlink>https://www5.kingcounty.gov/sdc/addl_doc/KCGISCenterTermsAndConditions.pdf</onlink>
                <onlink>https://www5.kingcounty.gov/sdc/addl_doc/KCGISCenterHelpUsingKCOpenData.pdf</onlink>
            </citeinfo>
        </citation>
        <descript>
            <abstract>Selected demographics by census tracts in King County based on current American Community Survey 5 Year Average (ACS). Included demographics are: AGE AND SEX  [Percent 65 and Over, Percent between 18 and 65, Percent 17 and Under, Percent Female, Percent Male], RACE AND ETHNICITY [Percent People of Color, Percent Hispanic/Latino, Percent Hawaiian/Pacific Islander Alone, Percent Asian Alone, Percent American Indian/Native Alaskan Alone, Percent Black/African American Alone, Percent White Alone], INCOME [Median Household Income, 200% of Federal Poverty Level], LANGUAGES [Percent Spanish Speakers, Percent Vietnamese Speakers, Percent Russian Speakers, Percent African Languages Speakers, Percent Chinese Speakers, Percent Korean Speakers]. Numbers and derived percentages are estimates based on the current year's ACS. GEO_ID_TRT is the key field and may be used to join to other demographic Census data tables</abstract>
            <purpose>Selected demographics by census tracts in King County based on current American Community Survey 5 Year Average. Categories included are: Age and Sex, Race and Ethnicity, Income, and Languages. Summary values are presented as percentages.</purpose>
        </descript>
        <spdom>
            <bounding>
                <westbc>-122.542059</westbc>
                <eastbc>-121.062937</eastbc>
                <northbc>47.788414</northbc>
                <southbc>47.073482</southbc>
            </bounding>
        </spdom>
        <keywords>
            <theme>
                <themekt>Not applicable</themekt>
                <themekey>census</themekey>
                <themekey>kingcounty_opendata</themekey>
                <themekey>census_OpenData</themekey>
                <themekey>census</themekey>
                <themekey>census</themekey>
                <themekey>demographic_base_area_esj</themekey>
                <themekey>age and sex</themekey>
                <themekey>percent 65 and over</themekey>
                <themekey>percent between 18 and 65</themekey>
                <themekey>percent 17 and under</themekey>
                <themekey>percent female</themekey>
                <themekey>percent male</themekey>
                <themekey>race and ethnicity</themekey>
                <themekey>percent people of color</themekey>
                <themekey>percent hispanic/latino</themekey>
                <themekey>percent hawaiian/pacific islander alone</themekey>
                <themekey>percent asian alone</themekey>
                <themekey>percent american indian/native alaskan alone</themekey>
                <themekey>percent black/african american alone</themekey>
                <themekey>percent white alone</themekey>
                <themekey>income</themekey>
                <themekey>median household income</themekey>
                <themekey>2005 of federal poverty level</themekey>
                <themekey>percent spanish speakers</themekey>
                <themekey>percent vietnamese speakers</themekey>
                <themekey>percent russian speakers</themekey>
                <themekey>percent african languages speakers</themekey>
                <themekey>percent chinese speakers</themekey>
                <themekey>percent korean speakers</themekey>
            </theme>
            <place>
                <placekt>Not applicable</placekt>
                <placekey>Pacific NW</placekey>
                <placekey>WA</placekey>
                <placekey>King County</placekey>
                <placekey>Washington state</placekey>
            </place>
        </keywords>
        <accconst>Access Constraint: Data is available on GIS Data Portal: http://www5.kingcounty.gov/gisdataportal/Default.aspx</accconst>
        <useconst>Use Constraint: King County data are made available with the understanding that they shall be used exclusively by the obtainer or his/her authorized agents. Digital products may not be reproduced or redistributed in any form or by any means without the express written authorization of King County.</useconst>
        <ptcontac>
            <cntinfo>
                <cntorgp>
                    <cntorg>King County GIS Center</cntorg>
                    <cntper>Mary Ullrich</cntper>
                </cntorgp>
                <cntpos>GIS Specialist</cntpos>
                <cntaddr>
                    <addrtype>mailing and physical</addrtype>
                    <address>201 S Jackson St, Suite 706</address>
                    <city>Seattle</city>
                    <state>WA</state>
                    <postal>98104</postal>
                    <country>US</country>
                </cntaddr>
                <cntvoice>206-477-4420</cntvoice>
            </cntinfo>
        </ptcontac>
        <browse>
            <browsen>http://www5.kingcounty.gov/sdc/DataImages/demographic_base.jpg</browsen>
            <browsed>JPG File of layer overlain on base of WA counties or local cities</browsed>
            <browset>JPG</browset>
        </browse>
        <datacred>King County</datacred>
        <native>Version 6.2 (Build 9200) ; Esri ArcGIS 10.3.1.5004</native>
    </idinfo>
    <spdoinfo>
        <direct>Vector</direct>
        <ptvctinf>
            <sdtsterm>
                <sdtstype>GT-polygon composed of chains</sdtstype>
                <ptvctcnt>398</ptvctcnt>
            </sdtsterm>
        </ptvctinf>
    </spdoinfo>
    <eainfo>
        <detailed>
            <enttyp>
                <enttypl>maint.GISC.demographic_base_area</enttypl>
                <enttypd>area data table</enttypd>
                <enttypds>King County</enttypds>
            </enttyp>
            <attr>
                <attrlabl>OBJECTID</attrlabl>
                <attrdef>Internal feature number.</attrdef>
                <attrdefs>Esri</attrdefs>
                <attrdomv>
                    					
                    <udom>Sequential unique whole numbers that are automatically generated.</udom>
                    				
                </attrdomv>
            </attr>
            <attr>
                <attrlabl>GEO_ID_TRT</attrlabl>
                <attrdef>Key field identifier</attrdef>
                <attrdefs>King County</attrdefs>
            </attr>
            <attr>
                <attrlabl>TRACT_AREA</attrlabl>
                <attrdef>Area of the Tract polygon.</attrdef>
                <attrdefs>King County</attrdefs>
                <attrdomv>
                    					
                    <rdom>
                        						
                        <rdommin>2466423.83388</rdommin>
                        						
                        <rdommax>15258321253.3</rdommax>
                        					
                    </rdom>
                    				
                </attrdomv>
            </attr>
            <attr>
                <attrlabl>TRACT_PERI</attrlabl>
                <attrdef>Perimeter of the Tract polygon.</attrdef>
                <attrdefs>King County</attrdefs>
                <attrdomv>
                    					
                    <rdom>
                        						
                        <rdommin>7060.43646647</rdommin>
                        						
                        <rdommax>738819.653843</rdommax>
                        					
                    </rdom>
                    				
                </attrdomv>
            </attr>
            <attr>
                <attrlabl>LOGRECNO</attrlabl>
                <attrdef>Uique ID for each record. May be used as a key field.</attrdef>
                <attrdefs>King County</attrdefs>
            </attr>
            <attr>
                <attrlabl>Shape</attrlabl>
                <attrdef>Feature geometry.</attrdef>
                <attrdefs>Esri</attrdefs>
                <attrdomv>
                    					
                    <udom>Coordinates defining the features.</udom>
                    				
                </attrdomv>
            </attr>
            <attr>
                <attrlabl>NFB2</attrlabl>
                <attrdef>Number of people who identify as foregin born.</attrdef>
                <attrdefs>King County</attrdefs>
                <attrdomv>
                    					
                    <rdom>
                        						
                        <rdommin>0.0</rdommin>
                        						
                        <rdommax>4177.0</rdommax>
                        					
                    </rdom>
                    				
                </attrdomv>
            </attr>
            <attr>
                <attrlabl>PFB5</attrlabl>
                <attrdef>Percent of people who identify as foreign born.</attrdef>
                <attrdefs>King County</attrdefs>
                <attrdomv>
                    					
                    <rdom>
                        						
                        <rdommin>2.64297106402</rdommin>
                        						
                        <rdommax>64.1546207569</rdommax>
                        					
                    </rdom>
                    				
                </attrdomv>
            </attr>
            <attr>
                <attrlabl>MHHI1</attrlabl>
                <attrdef>Median household income of the entire Tract rounded to the nearest dollar.</attrdef>
                <attrdefs>King County</attrdefs>
                <attrdomv>
                    					
                    <rdom>
                        						
                        <rdommin>5938.0</rdommin>
                        						
                        <rdommax>188077.0</rdommax>
                        					
                    </rdom>
                    				
                </attrdomv>
            </attr>
            <attr>
                <attrlabl>NP2002</attrlabl>
                <attrdef>Identifies number of people at or below 200% of the Federal Poverty Level.</attrdef>
                <attrdefs>King County</attrdefs>
                <attrdomv>
                    					
                    <rdom>
                        						
                        <rdommin>0.0</rdommin>
                        						
                        <rdommax>5296.0</rdommax>
                        					
                    </rdom>
                    				
                </attrdomv>
            </attr>
            <attr>
                <attrlabl>PP2005</attrlabl>
                <attrdef>Identifies percent of people at or below 200% of the Federal Poverty Level.</attrdef>
                <attrdefs>King County</attrdefs>
                <attrdomv>
                    					
                    <rdom>
                        						
                        <rdommin>1.68998727967</rdommin>
                        						
                        <rdommax>65.7957244656</rdommax>
                        					
                    </rdom>
                    				
                </attrdomv>
            </attr>
            <attr>
                <attrlabl>PS5</attrlabl>
                <attrdef>Identifies the percent of people who speak Spanish. Includes people who speak English well and not well.</attrdef>
                <attrdefs>King County</attrdefs>
                <attrdomv>
                    					
                    <rdom>
                        						
                        <rdommin>0.0</rdommin>
                        						
                        <rdommax>37.0845328448</rdommax>
                        					
                    </rdom>
                    				
                </attrdomv>
            </attr>
            <attr>
                <attrlabl>PV5</attrlabl>
                <attrdef>Identifies the percent of people who speak Vietnamese. Includes people who speak English well and not well.</attrdef>
                <attrdefs>King County</attrdefs>
                <attrdomv>
                    					
                    <rdom>
                        						
                        <rdommin>0.0</rdommin>
                        						
                        <rdommax>18.9205702648</rdommax>
                        					
                    </rdom>
                    				
                </attrdomv>
            </attr>
            <attr>
                <attrlabl>PR5</attrlabl>
                <attrdef>Identifies the percent of people who speak Russian. Includes people who speak English well and not well.</attrdef>
                <attrdefs>King County</attrdefs>
                <attrdomv>
                    					
                    <rdom>
                        						
                        <rdommin>0.0</rdommin>
                        						
                        <rdommax>10.2743965339</rdommax>
                        					
                    </rdom>
                    				
                </attrdomv>
            </attr>
            <attr>
                <attrlabl>PAL5</attrlabl>
                <attrdef>Identifies the percent of people who speak African Languages. Includes people who speak English well and not well.</attrdef>
                <attrdefs>King County</attrdefs>
                <attrdomv>
                    					
                    <rdom>
                        						
                        <rdommin>0.0</rdommin>
                        						
                        <rdommax>22.8148148148</rdommax>
                        					
                    </rdom>
                    				
                </attrdomv>
            </attr>
            <attr>
                <attrlabl>PC5</attrlabl>
                <attrdef>Identifies the percent of people who speak Chinese. Includes people who speak English well and not well.</attrdef>
                <attrdefs>King County</attrdefs>
                <attrdomv>
                    					
                    <rdom>
                        						
                        <rdommin>0.0</rdommin>
                        						
                        <rdommax>31.6706254949</rdommax>
                        					
                    </rdom>
                    				
                </attrdomv>
            </attr>
            <attr>
                <attrlabl>PK5</attrlabl>
                <attrdef>Identifies the percent of people who speak Korean. Includes people who speak English well and not well.</attrdef>
                <attrdefs>King County</attrdefs>
                <attrdomv>
                    					
                    <rdom>
                        						
                        <rdommin>0.0</rdommin>
                        						
                        <rdommax>13.9739229025</rdommax>
                        					
                    </rdom>
                    				
                </attrdomv>
            </attr>
            <attr>
                <attrlabl>NS2</attrlabl>
                <attrdef>Identifies the number of people who speak Spanish. Includes people who speak English well and not well.</attrdef>
                <attrdefs>King County</attrdefs>
                <attrdomv>
                    					
                    <rdom>
                        						
                        <rdommin>0.0</rdommin>
                        						
                        <rdommax>2834.0</rdommax>
                        					
                    </rdom>
                    				
                </attrdomv>
            </attr>
            <attr>
                <attrlabl>NR2</attrlabl>
                <attrdef>Identifies the number of people who speak Russian. Includes people who speak English well and not well.</attrdef>
                <attrdefs>King County</attrdefs>
                <attrdomv>
                    					
                    <rdom>
                        						
                        <rdommin>0.0</rdommin>
                        						
                        <rdommax>579.0</rdommax>
                        					
                    </rdom>
                    				
                </attrdomv>
            </attr>
            <attr>
                <attrlabl>NC2</attrlabl>
                <attrdef>Identifies the number of people who speak Chinese. Includes people who speak English well and not well.</attrdef>
                <attrdefs>King County</attrdefs>
                <attrdomv>
                    					
                    <rdom>
                        						
                        <rdommin>0.0</rdommin>
                        						
                        <rdommax>1428.0</rdommax>
                        					
                    </rdom>
                    				
                </attrdomv>
            </attr>
            <attr>
                <attrlabl>NK2</attrlabl>
                <attrdef>Identifies the number of people who speak Korean. Includes people who speak English well and not well.</attrdef>
                <attrdefs>King County</attrdefs>
                <attrdomv>
                    					
                    <rdom>
                        						
                        <rdommin>0.0</rdommin>
                        						
                        <rdommax>782.0</rdommax>
                        					
                    </rdom>
                    				
                </attrdomv>
            </attr>
            <attr>
                <attrlabl>NV2</attrlabl>
                <attrdef>Identifies the number of people who speak Vietnamese. Includes people who speak English well and not well.</attrdef>
                <attrdefs>King County</attrdefs>
                <attrdomv>
                    					
                    <rdom>
                        						
                        <rdommin>0.0</rdommin>
                        						
                        <rdommax>929.0</rdommax>
                        					
                    </rdom>
                    				
                </attrdomv>
            </attr>
            <attr>
                <attrlabl>NAL2</attrlabl>
                <attrdef>Identifies the number of people who speak African Languages. Includes people who speak English well and not well.</attrdef>
                <attrdefs>King County</attrdefs>
                <attrdomv>
                    					
                    <rdom>
                        						
                        <rdommin>0.0</rdommin>
                        						
                        <rdommax>1339.0</rdommax>
                        					
                    </rdom>
                    				
                </attrdomv>
            </attr>
            <attr>
                <attrlabl>NL2</attrlabl>
                <attrdef>Identifies the number of people who speak English less than very well.</attrdef>
                <attrdefs>King County</attrdefs>
                <attrdomv>
                    					
                    <rdom>
                        						
                        <rdommin>0.0</rdommin>
                        						
                        <rdommax>2576.0</rdommax>
                        					
                    </rdom>
                    				
                </attrdomv>
            </attr>
            <attr>
                <attrlabl>PL5</attrlabl>
                <attrdef>Identifies the percent of people who speak English less than very well.</attrdef>
                <attrdefs>King County</attrdefs>
                <attrdomv>
                    					
                    <rdom>
                        						
                        <rdommin>0.126076906913</rdommin>
                        						
                        <rdommax>46.5509666081</rdommax>
                        					
                    </rdom>
                    				
                </attrdomv>
            </attr>
            <attr>
                <attrlabl>TotalPopulation</attrlabl>
                <attrdef>Total number of peole in census tract.</attrdef>
                <attrdefs>King County</attrdefs>
                <attrdomv>
                    					
                    <rdom>
                        						
                        <rdommin>0.0</rdommin>
                        						
                        <rdommax>12105.0</rdommax>
                        					
                    </rdom>
                    				
                </attrdomv>
            </attr>
            <attr>
                <attrlabl>OtherLang</attrlabl>
                <attrdef>Identifies the number of people who speak other languages. Includes people who speak English well and not well.</attrdef>
                <attrdefs>King County</attrdefs>
                <attrdomv>
                    					
                    <rdom>
                        						
                        <rdommin>896.0</rdommin>
                        						
                        <rdommax>11508.0</rdommax>
                        					
                    </rdom>
                    				
                </attrdomv>
            </attr>
            <attr>
                <attrlabl>PercentOtherLang</attrlabl>
                <attrdef>Identifies the percent of people who speak other languages. Includes people who speak English well and not well.</attrdef>
                <attrdefs>King County</attrdefs>
                <attrdomv>
                    					
                    <rdom>
                        						
                        <rdommin>41.7179261863</rdommin>
                        						
                        <rdommax>99.2614145031</rdommax>
                        					
                    </rdom>
                    				
                </attrdomv>
            </attr>
            <attr>
                <attrlabl>TRACT_LBL_1</attrlabl>
                <attrdef>Alpha numberic tract label.</attrdef>
                <attrdefs>King County</attrdefs>
            </attr>
            <attr>
                <attrlabl>POC</attrlabl>
                <attrdef>Number of people who identify as being a race and/or enthicity other than White alone.</attrdef>
                <attrdefs>King County</attrdefs>
                <attrdomv>
                    					
                    <rdom>
                        						
                        <rdommin>118.0</rdommin>
                        						
                        <rdommax>6229.0</rdommax>
                        					
                    </rdom>
                    				
                </attrdomv>
            </attr>
            <attr>
                <attrlabl>PWNH</attrlabl>
                <attrdef>Percent of people who identify as being White and not Hispanic or Latino.</attrdef>
                <attrdefs>King County</attrdefs>
                <attrdomv>
                    					
                    <rdom>
                        						
                        <rdommin>5.27240773286</rdommin>
                        						
                        <rdommax>95.178197065</rdommax>
                        					
                    </rdom>
                    				
                </attrdomv>
            </attr>
            <attr>
                <attrlabl>PBNH</attrlabl>
                <attrdef>Percent of people who identify as being Black or African American and not Hispanic or Latino.</attrdef>
                <attrdefs>King County</attrdefs>
                <attrdomv>
                    					
                    <rdom>
                        						
                        <rdommin>0.0</rdommin>
                        						
                        <rdommax>41.3827160494</rdommax>
                        					
                    </rdom>
                    				
                </attrdomv>
            </attr>
            <attr>
                <attrlabl>PAINH</attrlabl>
                <attrdef>Percent of people who identify as being American Indian or Alaskan Native and not Hispanic or Latino.</attrdef>
                <attrdefs>King County</attrdefs>
                <attrdomv>
                    					
                    <rdom>
                        						
                        <rdommin>0.0</rdommin>
                        						
                        <rdommax>16.2901113294</rdommax>
                        					
                    </rdom>
                    				
                </attrdomv>
            </attr>
            <attr>
                <attrlabl>PANH</attrlabl>
                <attrdef>Percent of people who identify as being Asian and not Hispanic or Latino.</attrdef>
                <attrdefs>King County</attrdefs>
                <attrdomv>
                    					
                    <rdom>
                        						
                        <rdommin>0.0</rdommin>
                        						
                        <rdommax>58.16700611</rdommax>
                        					
                    </rdom>
                    				
                </attrdomv>
            </attr>
            <attr>
                <attrlabl>PHNH</attrlabl>
                <attrdef>Percent of people who identify as being Native Hawaiian or Pacific Islander and not Hispanic or Latino.</attrdef>
                <attrdefs>King County</attrdefs>
                <attrdomv>
                    					
                    <rdom>
                        						
                        <rdommin>0.0</rdommin>
                        						
                        <rdommax>10.7712418301</rdommax>
                        					
                    </rdom>
                    				
                </attrdomv>
            </attr>
            <attr>
                <attrlabl>P2NH</attrlabl>
                <attrdef>Percent of people who identify as being two or more races and not Hispanic or Latino.</attrdef>
                <attrdefs>King County</attrdefs>
                <attrdomv>
                    					
                    <rdom>
                        						
                        <rdommin>0.0</rdommin>
                        						
                        <rdommax>14.607754734</rdommax>
                        					
                    </rdom>
                    				
                </attrdomv>
            </attr>
            <attr>
                <attrlabl>PHL</attrlabl>
                <attrdef>Percent of people who identify as having Hispanic or Latino ethnicity.</attrdef>
                <attrdefs>King County</attrdefs>
                <attrdomv>
                    					
                    <rdom>
                        						
                        <rdommin>0.0</rdommin>
                        						
                        <rdommax>45.550902905</rdommax>
                        					
                    </rdom>
                    				
                </attrdomv>
            </attr>
            <attr>
                <attrlabl>PNW</attrlabl>
                <attrdef>Percent of people who identify as being a race and/or enthicity other than White alone.</attrdef>
                <attrdefs>King County</attrdefs>
                <attrdomv>
                    					
                    <rdom>
                        						
                        <rdommin>4.82180293501</rdommin>
                        						
                        <rdommax>94.7275922671</rdommax>
                        					
                    </rdom>
                    				
                </attrdomv>
            </attr>
            <attr>
                <attrlabl>WhiteAlone</attrlabl>
                <attrdef>Number of people who identify as being White and not Hispantic or Latino.</attrdef>
                <attrdefs>King County</attrdefs>
                <attrdomv>
                    					
                    <rdom>
                        						
                        <rdommin>240.0</rdommin>
                        						
                        <rdommax>9978.0</rdommax>
                        					
                    </rdom>
                    				
                </attrdomv>
            </attr>
            <attr>
                <attrlabl>NotLatino</attrlabl>
                <attrdef>Number of people who identify as not being Hispantic or Latino.</attrdef>
                <attrdefs>King County</attrdefs>
                <attrdomv>
                    					
                    <rdom>
                        						
                        <rdommin>852.0</rdommin>
                        						
                        <rdommax>11853.0</rdommax>
                        					
                    </rdom>
                    				
                </attrdomv>
            </attr>
            <attr>
                <attrlabl>BlackAlone</attrlabl>
                <attrdef>Number of people who identify as being Black or African American and not Hispantic or Latino.</attrdef>
                <attrdefs>King County</attrdefs>
                <attrdomv>
                    					
                    <rdom>
                        						
                        <rdommin>0.0</rdommin>
                        						
                        <rdommax>2496.0</rdommax>
                        					
                    </rdom>
                    				
                </attrdomv>
            </attr>
            <attr>
                <attrlabl>AIANAlone</attrlabl>
                <attrdef>Number of people who identify as being American Indian or Alaska Native and not Hispantic or Latino.</attrdef>
                <attrdefs>King County</attrdefs>
                <attrdomv>
                    					
                    <rdom>
                        						
                        <rdommin>0.0</rdommin>
                        						
                        <rdommax>995.0</rdommax>
                        					
                    </rdom>
                    				
                </attrdomv>
            </attr>
            <attr>
                <attrlabl>AsianAlone</attrlabl>
                <attrdef>Number of people who identify as being Asian and not Hispantic or Latino</attrdef>
                <attrdefs>King County</attrdefs>
                <attrdomv>
                    					
                    <rdom>
                        						
                        <rdommin>0.0</rdommin>
                        						
                        <rdommax>3949.0</rdommax>
                        					
                    </rdom>
                    				
                </attrdomv>
            </attr>
            <attr>
                <attrlabl>NHOPIalone</attrlabl>
                <attrdef>Number of people who identify as being Native Hawaiian or Pacific Islander and not Hispantic or Latino.</attrdef>
                <attrdefs>King County</attrdefs>
                <attrdomv>
                    					
                    <rdom>
                        						
                        <rdommin>0.0</rdommin>
                        						
                        <rdommax>552.0</rdommax>
                        					
                    </rdom>
                    				
                </attrdomv>
            </attr>
            <attr>
                <attrlabl>TworacesAlone</attrlabl>
                <attrdef>Number of people who identify as being two or more races and not Hispantic or Latino</attrdef>
                <attrdefs>King County</attrdefs>
                <attrdomv>
                    					
                    <rdom>
                        						
                        <rdommin>0.0</rdommin>
                        						
                        <rdommax>883.0</rdommax>
                        					
                    </rdom>
                    				
                </attrdomv>
            </attr>
            <attr>
                <attrlabl>HispanicorLatino</attrlabl>
                <attrdef>Number of people who identify as being Black or African American and not Hispantic or Latino.</attrdef>
                <attrdefs>King County</attrdefs>
                <attrdomv>
                    					
                    <rdom>
                        						
                        <rdommin>0.0</rdommin>
                        						
                        <rdommax>3481.0</rdommax>
                        					
                    </rdom>
                    				
                </attrdomv>
            </attr>
            <attr>
                <attrlabl>Male</attrlabl>
                <attrdef>Number of people who are males.</attrdef>
                <attrdefs>King County</attrdefs>
                <attrdomv>
                    					
                    <rdom>
                        						
                        <rdommin>0.0</rdommin>
                        						
                        <rdommax>6106.0</rdommax>
                        					
                    </rdom>
                    				
                </attrdomv>
            </attr>
            <attr>
                <attrlabl>Female</attrlabl>
                <attrdef>Number of people who are females.</attrdef>
                <attrdefs>King County</attrdefs>
                <attrdomv>
                    					
                    <rdom>
                        						
                        <rdommin>0.0</rdommin>
                        						
                        <rdommax>6025.0</rdommax>
                        					
                    </rdom>
                    				
                </attrdomv>
            </attr>
            <attr>
                <attrlabl>Under18</attrlabl>
                <attrdef>Number of people who 17 years old and under.</attrdef>
                <attrdefs>King County</attrdefs>
                <attrdomv>
                    					
                    <rdom>
                        						
                        <rdommin>0.0</rdommin>
                        						
                        <rdommax>4441.0</rdommax>
                        					
                    </rdom>
                    				
                </attrdomv>
            </attr>
            <attr>
                <attrlabl>Between18and65</attrlabl>
                <attrdef>Number of people who are between 18 and 65 years of age.</attrdef>
                <attrdefs>King County</attrdefs>
                <attrdomv>
                    					
                    <rdom>
                        						
                        <rdommin>0.0</rdommin>
                        						
                        <rdommax>7565.0</rdommax>
                        					
                    </rdom>
                    				
                </attrdomv>
            </attr>
            <attr>
                <attrlabl>Over65</attrlabl>
                <attrdef>Number of people who are age 65 and over.</attrdef>
                <attrdefs>King County</attrdefs>
                <attrdomv>
                    					
                    <rdom>
                        						
                        <rdommin>0.0</rdommin>
                        						
                        <rdommax>2048.0</rdommax>
                        					
                    </rdom>
                    				
                </attrdomv>
            </attr>
            <attr>
                <attrlabl>PercentMale</attrlabl>
                <attrdef>Percent of people who are male</attrdef>
                <attrdefs>King County</attrdefs>
                <attrdomv>
                    					
                    <rdom>
                        						
                        <rdommin>39.8753894081</rdommin>
                        						
                        <rdommax>64.5168910938</rdommax>
                        					
                    </rdom>
                    				
                </attrdomv>
            </attr>
            <attr>
                <attrlabl>PercentFemale</attrlabl>
                <attrdef>Percent of people who are Female.</attrdef>
                <attrdefs>King County</attrdefs>
                <attrdomv>
                    					
                    <rdom>
                        						
                        <rdommin>35.4831089062</rdommin>
                        						
                        <rdommax>60.1246105919</rdommax>
                        					
                    </rdom>
                    				
                </attrdomv>
            </attr>
            <attr>
                <attrlabl>Percent17Under</attrlabl>
                <attrdef>Percent of people who 17 years old and under.</attrdef>
                <attrdefs>King County</attrdefs>
                <attrdomv>
                    					
                    <rdom>
                        						
                        <rdommin>0.420609884332</rdommin>
                        						
                        <rdommax>41.9177003347</rdommax>
                        					
                    </rdom>
                    				
                </attrdomv>
            </attr>
            <attr>
                <attrlabl>PercentBetween18and65</attrlabl>
                <attrdef>Percent of people between 18 years old and 64 years old.</attrdef>
                <attrdefs>King County</attrdefs>
                <attrdomv>
                    					
                    <rdom>
                        						
                        <rdommin>43.1835491241</rdommin>
                        						
                        <rdommax>98.8369980011</rdommax>
                        					
                    </rdom>
                    				
                </attrdomv>
            </attr>
            <attr>
                <attrlabl>Percent65andOver</attrlabl>
                <attrdef>Percent of people who are 65 years old and over.</attrdef>
                <attrdefs>King County</attrdefs>
                <attrdomv>
                    					
                    <rdom>
                        						
                        <rdommin>0.109031437398</rdommin>
                        						
                        <rdommax>43.0566133536</rdommax>
                        					
                    </rdom>
                    				
                </attrdomv>
            </attr>
            <attr>
                <attrlabl>Shape.area</attrlabl>
            </attr>
            <attr>
                <attrlabl>Shape.len</attrlabl>
            </attr>
        </detailed>
        <overview>
            <eadetcit>King County</eadetcit>
        </overview>
    </eainfo>
    <distinfo>
        <distrib>
            <cntinfo>
                <cntorgp>
                    <cntorg>KCGIS Center</cntorg>
                    <cntper>Cheryl Wilder</cntper>
                </cntorgp>
                <cntpos>Data Sales Coordinator</cntpos>
                <cntaddr>
                    <addrtype>mailing and physical</addrtype>
                    <address>201 S Jackson St, Suite 706</address>
                    <city>Seattle</city>
                    <state>WA</state>
                    <postal>98104</postal>
                    <country>US</country>
                </cntaddr>
                <cntvoice>206-477-4421</cntvoice>
            </cntinfo>
        </distrib>
        <resdesc>/plibrary2/census/shapes/polygon/demographic_base.shp</resdesc>
        <distliab>Distribution Liability: King County disclaims any warranty of use of any digital product or data beyond that for which it was designed.</distliab>
        <stdorder>
            <digform>
                <digtinfo>
                    <formname>featureclass and shapefile</formname>
                </digtinfo>
            </digform>
            <fees>Contact KCGIS Client Services for the cost of reproduction - http://www.kingcounty.gov/operations/GIS/GISData/GISDataDistribution.aspx</fees>
        </stdorder>
    </distinfo>
    <metainfo>
        <metd>20180301</metd>
        <metc>
            <cntinfo>
                <cntorgp>
                    <cntorg>King County GIS Center</cntorg>
                    <cntper>Mary Ullrich</cntper>
                </cntorgp>
                <cntpos>GIS Specialist</cntpos>
                <cntaddr>
                    <addrtype>mailing and physical</addrtype>
                    <address>201 S Jackson St, Suite 706</address>
                    <city>Seattle</city>
                    <state>WA</state>
                    <postal>98104</postal>
                    <country>US</country>
                </cntaddr>
                <cntvoice>206-477-4420</cntvoice>
                <cntemail>firstname.lastname@kingcounty.gov</cntemail>
            </cntinfo>
        </metc>
        <metstdn>FGDC Content Standard for Digital Geospatial Metadata</metstdn>
        <metstdv>FGDC-STD-001-1998</metstdv>
        <mettc>local time</mettc>
    </metainfo>
</metadata>
